latitude,longitude,bright_ti4,scan,track,acq_date,acq_time,satellite,instrument,confidence,version,bright_ti5,frp,daynight
13.5210,24.1530,332.4,0.41,0.38,2026-09-27,1042,N,VIIRS,nominal,2.0NRT,295.1,6.3,D
13.4870,24.2210,341.8,0.39,0.37,2026-09-27,1042,N,VIIRS,high,2.0NRT,297.6,9.8,D
13.3820,24.5110,329.9,0.45,0.40,2026-09-27,1224,N,VIIRS,nominal,2.0NRT,294.2,4.1,D
13.4020,24.0410,336.2,0.36,0.36,2026-09-28,0018,N,VIIRS,nominal,2.0NRT,293.8,5.7,N
13.6110,24.0620,340.1,0.40,0.38,2026-09-28,0018,N,VIIRS,high,2.0NRT,296.3,8.2,N
13.4630,24.6710,331.5,0.42,0.39,2026-09-28,1036,N,VIIRS,nominal,2.0NRT,294.9,4.9,D
13.6900,25.2010,338.7,0.38,0.37,2026-09-28,1036,N,VIIRS,high,2.0NRT,297.1,7.6,D
13.5820,25.4630,334.3,0.44,0.40,2026-09-28,1218,N,VIIRS,nominal,2.0NRT,295.5,5.2,D
13.7150,25.3120,343.0,0.37,0.36,2026-09-29,0012,N,VIIRS,high,2.0NRT,298.4,11.4,N
13.4310,24.3890,330.8,0.41,0.38,2026-09-29,0012,N,VIIRS,nominal,2.0NRT,294.0,4.4,N
